doc,target,method,seconds,bytes,fits,error,ocr_chars,ocr_lost,ocr_loss_pct,worst_ssim,text_chars_in,text_chars_out
certificate_scan,100000,gs_ebook,0.18,174062,False,,924,0,0.0,0.9591,0,0
certificate_scan,100000,gs_screen,0.17,67271,True,,924,169,18.29,0.7994,0,0
certificate_scan,100000,gs_ladder,0.46,67271,True,,924,169,18.29,0.7994,0,0
certificate_scan,100000,raster_target,0.18,99152,True,,924,0,0.0,0.925,0,0
certificate_scan,100000,chonk,4.52,99976,True,,924,0,0.0,0.9508,0,0
certificate_scan,200000,gs_ebook,0.18,174062,True,,924,0,0.0,0.9591,0,0
certificate_scan,200000,gs_screen,0.19,67271,True,,924,169,18.29,0.7994,0,0
certificate_scan,200000,gs_ladder,0.3,174062,True,,924,0,0.0,0.9591,0,0
certificate_scan,200000,raster_target,0.19,198588,True,,924,0,0.0,0.9413,0,0
certificate_scan,200000,chonk,4.23,186188,True,,924,0,0.0,0.9651,0,0
certificate_scan,300000,gs_ebook,0.17,174062,True,,924,0,0.0,0.9591,0,0
certificate_scan,300000,gs_screen,0.18,67271,True,,924,169,18.29,0.7994,0,0
certificate_scan,300000,gs_ladder,0.33,174062,True,,924,0,0.0,0.9591,0,0
certificate_scan,300000,raster_target,0.2,299106,True,,924,0,0.0,0.9461,0,0
certificate_scan,300000,chonk,6.92,277107,True,,924,0,0.0,0.9678,0,0
certificate_scan,1000000,gs_ebook,0.17,174062,True,,924,0,0.0,0.9591,0,0
certificate_scan,1000000,gs_screen,0.25,67271,True,,924,169,18.29,0.7994,0,0
certificate_scan,1000000,gs_ladder,0.29,174062,True,,924,0,0.0,0.9591,0,0
certificate_scan,1000000,raster_target,0.2,616440,True,,924,0,0.0,0.9522,0,0
certificate_scan,1000000,chonk,3.22,875336,True,,924,0,0.0,0.9838,0,0
certificate_scan,2000000,gs_ebook,0.18,174062,True,,924,0,0.0,0.9591,0,0
certificate_scan,2000000,gs_screen,0.19,67271,True,,924,169,18.29,0.7994,0,0
certificate_scan,2000000,gs_ladder,0.3,174062,True,,924,0,0.0,0.9591,0,0
certificate_scan,2000000,raster_target,0.24,616440,True,,924,0,0.0,0.9522,0,0
certificate_scan,2000000,chonk,1.82,1982110,True,,924,0,0.0,0.989,0,0
digital_with_photo,100000,gs_ebook,0.63,877054,False,,5237,0,0.0,0.9924,6299,6299
digital_with_photo,100000,gs_screen,0.21,200484,False,,5237,0,0.0,0.995,6299,6299
digital_with_photo,100000,gs_ladder,1.2,50845,True,,5237,0,0.0,0.9902,6299,6299
digital_with_photo,100000,raster_target,0.2,99994,True,,5237,1175,22.44,0.8353,6299,0
digital_with_photo,100000,chonk,4.32,94193,True,,5237,0,0.0,0.9962,6299,6299
digital_with_photo,200000,gs_ebook,0.56,877054,False,,5237,0,0.0,0.9924,6299,6299
digital_with_photo,200000,gs_screen,0.22,200484,False,,5237,0,0.0,0.995,6299,6299
digital_with_photo,200000,gs_ladder,1.13,120507,True,,5237,0,0.0,0.9833,6299,6299
digital_with_photo,200000,raster_target,0.17,194065,True,,5237,7,0.13,0.8996,6299,0
digital_with_photo,200000,chonk,2.87,187461,True,,5237,0,0.0,0.9974,6299,6299
digital_with_photo,300000,gs_ebook,0.57,877054,False,,5237,0,0.0,0.9924,6299,6299
digital_with_photo,300000,gs_screen,0.24,200484,True,,5237,0,0.0,0.995,6299,6299
digital_with_photo,300000,gs_ladder,0.92,200484,True,,5237,0,0.0,0.995,6299,6299
digital_with_photo,300000,raster_target,0.14,298172,True,,5237,3,0.06,0.917,6299,0
digital_with_photo,300000,chonk,2.99,280291,True,,5237,0,0.0,0.9976,6299,6299
marksheet_scan,100000,gs_ebook,0.24,388208,False,,2239,114,5.09,0.9329,0,0
marksheet_scan,100000,gs_screen,0.25,169834,False,,2239,1564,69.85,0.7746,0,0
marksheet_scan,100000,gs_ladder,1.16,66890,True,,2239,1980,88.43,0.8037,0,0
marksheet_scan,100000,raster_target,0.68,97667,True,,2239,1851,82.67,0.8119,0,0
marksheet_scan,100000,chonk,6.75,94381,True,,2239,960,42.88,0.8819,0,0
marksheet_scan,200000,gs_ebook,0.28,388208,False,,2239,114,5.09,0.9329,0,0
marksheet_scan,200000,gs_screen,0.25,169834,True,,2239,1564,69.85,0.7746,0,0
marksheet_scan,200000,gs_ladder,0.78,169834,True,,2239,1564,69.85,0.7746,0,0
marksheet_scan,200000,raster_target,0.34,196699,True,,2239,271,12.1,0.8756,0,0
marksheet_scan,200000,chonk,7.51,189019,True,,2239,199,8.89,0.9243,0,0
marksheet_scan,300000,gs_ebook,0.27,388208,False,,2239,114,5.09,0.9329,0,0
marksheet_scan,300000,gs_screen,0.26,169834,True,,2239,1564,69.85,0.7746,0,0
marksheet_scan,300000,gs_ladder,0.72,169834,True,,2239,1564,69.85,0.7746,0,0
marksheet_scan,300000,raster_target,0.33,299963,True,,2239,133,5.94,0.9024,0,0
marksheet_scan,300000,chonk,7.34,295066,True,,2239,152,6.79,0.9349,0,0
marksheet_scan,1000000,gs_ebook,0.27,388208,True,,2239,114,5.09,0.9329,0,0
marksheet_scan,1000000,gs_screen,0.27,169834,True,,2239,1564,69.85,0.7746,0,0
marksheet_scan,1000000,gs_ladder,0.54,388208,True,,2239,114,5.09,0.9329,0,0
marksheet_scan,1000000,raster_target,0.37,972018,True,,2239,149,6.65,0.9199,0,0
marksheet_scan,1000000,chonk,10.17,819971,True,,2239,150,6.7,0.9513,0,0
marksheet_scan,2000000,gs_ebook,0.27,388208,True,,2239,114,5.09,0.9329,0,0
marksheet_scan,2000000,gs_screen,0.3,169834,True,,2239,1564,69.85,0.7746,0,0
marksheet_scan,2000000,gs_ladder,0.51,388208,True,,2239,114,5.09,0.9329,0,0
marksheet_scan,2000000,raster_target,0.43,1792915,True,,2239,158,7.06,0.927,0,0
marksheet_scan,2000000,chonk,7.97,1880910,True,,2239,166,7.41,0.9698,0,0
passport_scan,100000,gs_ebook,0.36,326470,False,,3352,43,1.28,0.9479,0,0
passport_scan,100000,gs_screen,0.33,129492,False,,3352,1830,54.59,0.7819,0,0
passport_scan,100000,gs_ladder,1.26,54077,True,,3352,3037,90.6,0.7895,0,0
passport_scan,100000,raster_target,0.55,98883,True,,3352,621,18.53,0.8296,0,0
passport_scan,100000,chonk,7.97,97721,True,,3352,738,22.02,0.8938,0,0
passport_scan,200000,gs_ebook,0.38,326470,False,,3352,43,1.28,0.9479,0,0
passport_scan,200000,gs_screen,0.34,129492,True,,3352,1830,54.59,0.7819,0,0
passport_scan,200000,gs_ladder,0.88,129492,True,,3352,1830,54.59,0.7819,0,0
passport_scan,200000,raster_target,0.33,199238,True,,3352,52,1.55,0.9202,0,0
passport_scan,200000,chonk,9.54,181898,True,,3352,47,1.4,0.9325,0,0
passport_scan,300000,gs_ebook,0.44,326470,False,,3352,43,1.28,0.9479,0,0
passport_scan,300000,gs_screen,0.39,129492,True,,3352,1830,54.59,0.7819,0,0
passport_scan,300000,gs_ladder,0.91,129492,True,,3352,1830,54.59,0.7819,0,0
passport_scan,300000,raster_target,0.34,299140,True,,3352,31,0.92,0.9305,0,0
passport_scan,300000,chonk,8.36,281916,True,,3352,29,0.87,0.9487,0,0
passport_scan,1000000,gs_ebook,0.38,326470,True,,3352,43,1.28,0.9479,0,0
passport_scan,1000000,gs_screen,0.34,129492,True,,3352,1830,54.59,0.7819,0,0
passport_scan,1000000,gs_ladder,0.57,326470,True,,3352,43,1.28,0.9479,0,0
passport_scan,1000000,raster_target,0.34,910101,True,,3352,22,0.66,0.9465,0,0
passport_scan,1000000,chonk,10.68,822180,True,,3352,22,0.66,0.9674,0,0
passport_scan,2000000,gs_ebook,0.38,326470,True,,3352,43,1.28,0.9479,0,0
passport_scan,2000000,gs_screen,0.33,129492,True,,3352,1830,54.59,0.7819,0,0
passport_scan,2000000,gs_ladder,0.54,326470,True,,3352,43,1.28,0.9479,0,0
passport_scan,2000000,raster_target,0.38,1285405,True,,3352,22,0.66,0.949,0,0
passport_scan,2000000,chonk,8.12,1852083,True,,3352,22,0.66,0.9824,0,0
phone_photo,100000,gs_ebook,0.17,288210,False,,2432,37,1.52,0.9495,0,0
phone_photo,100000,gs_screen,0.19,107232,False,,2432,680,27.96,0.7913,0,0
phone_photo,100000,gs_ladder,0.71,53450,True,,2432,2207,90.75,0.7223,0,0
phone_photo,100000,raster_target,0.33,98899,True,,2432,63,2.59,0.903,0,0
phone_photo,100000,chonk,4.88,97513,True,,2432,227,9.33,0.9037,0,0
phone_photo,200000,gs_ebook,0.17,288210,False,,2432,37,1.52,0.9495,0,0
phone_photo,200000,gs_screen,0.19,107232,True,,2432,680,27.96,0.7913,0,0
phone_photo,200000,gs_ladder,0.48,107232,True,,2432,680,27.96,0.7913,0,0
phone_photo,200000,raster_target,0.22,197389,True,,2432,11,0.45,0.9338,0,0
phone_photo,200000,chonk,5.92,185722,True,,2432,2,0.08,0.9682,0,0
phone_photo,300000,gs_ebook,0.23,288208,True,,2432,37,1.52,0.9495,0,0
phone_photo,300000,gs_screen,0.19,107232,True,,2432,680,27.96,0.7913,0,0
phone_photo,300000,gs_ladder,0.31,288210,True,,2432,37,1.52,0.9495,0,0
phone_photo,300000,raster_target,0.2,297735,True,,2432,50,2.06,0.9467,0,0
phone_photo,300000,chonk,7.63,271757,True,,2432,2,0.08,0.9792,0,0
phone_photo,1000000,gs_ebook,0.17,288210,True,,2432,37,1.52,0.9495,0,0
phone_photo,1000000,gs_screen,0.19,107232,True,,2432,680,27.96,0.7913,0,0
phone_photo,1000000,gs_ladder,0.29,288210,True,,2432,37,1.52,0.9495,0,0
phone_photo,1000000,raster_target,0.21,863494,True,,2432,2,0.08,0.958,0,0
phone_photo,1000000,chonk,5.12,965472,True,,2432,2,0.08,0.9949,0,0
